id,created_at,Tweets,Tweets_final,tokens,Subjectivity,Polarity,Positive,Negative,Neutral,Label
1375752362241925126,2021-03-27 10:11:38,Being alive and healthy is the privilege,alive healthy privilege,"['alive', 'healthy', 'privilege']",0.45,0.3,1,0,0,1
1375752224899440648,2021-03-27 10:11:05,When you join AWS as an intern or recent graduate you‚Äôll have the chance for your voice to not just be heard‚Äîbut to be ampli‚Ä¶,join aws intern recent graduate ‚Äô chance voice heard‚Äîbut ampli‚Ä¶,"['join', 'aws', 'intern', 'recent', 'graduate', '‚Äô', 'chance', 'voice', 'heard‚Äîbut', 'ampli‚Ä¶']",0.25,0.0,0,0,1,0
1375752108494843906,2021-03-27 10:10:37,All those in favor of a short snack break say ‚Äúaye‚Äù,favor short snack break say ‚Äú aye ‚Äù,"['favor', 'short', 'snack', 'break', 'say', '‚Äú', 'aye', '‚Äù']",0.3,0.0,0,0,1,0
1375752042258386947,2021-03-27 10:10:21,men are horrible ok i never feel bad when i see males upset over men are trash posts like pack it up sir httpstcoD‚Ä¶,men horrible ok never feel bad see males upset men trash posts like pack sir httpstcod‚Ä¶,"['men', 'horrible', 'ok', 'never', 'feel', 'bad', 'see', 'males', 'upset', 'men', 'trash', 'posts', 'like', 'pack', 'sir', 'httpstcod‚Ä¶']",0.7222222222222222,-0.3999999999999999,0,1,0,-1
1375751987996729346,2021-03-27 10:10:08,how are you going to try and tell me a trans person that im sensitive for being upset that a cc i watched supports a transp‚Ä¶,going try tell trans person im sensitive upset cc watched supports transp‚Ä¶,"['going', 'try', 'tell', 'trans', 'person', 'im', 'sensitive', 'upset', 'cc', 'watched', 'supports', 'transp‚Ä¶']",0.9,0.1,1,0,0,1
1375751961102802946,2021-03-27 10:10:02,can people who arent trans stop telling us that were sensetive and shit like that  like we have every right to be upset tha‚Ä¶,people arent trans stop telling us sensetive shit like like every right upset tha‚Ä¶,"['people', 'arent', 'trans', 'stop', 'telling', 'us', 'sensetive', 'shit', 'like', 'like', 'every', 'right', 'upset', 'tha‚Ä¶']",0.6678571428571429,0.042857142857142844,1,0,0,1
1375751949606219784,2021-03-27 10:09:59,I think more people need to ask themselves When they say ‚Äútwitter is going to be upset abt this‚Äù are they Actually sayin‚Ä¶,think people need ask say ‚Äú twitter going upset abt ‚Äù actually sayin‚Ä¶,"['think', 'people', 'need', 'ask', 'say', '‚Äú', 'twitter', 'going', 'upset', 'abt', '‚Äù', 'actually', 'sayin‚Ä¶']",0.1,0.0,0,0,1,0
1375751938256474115,2021-03-27 10:09:56,"When you win be kind
When you are ignored be kind
When you are stuck be kind
When you are upset be kind
When disapp‚Ä¶",win kind ignored kind stuck kind upset kind disapp‚Ä¶,"['win', 'kind', 'ignored', 'kind', 'stuck', 'kind', 'upset', 'kind', 'disapp‚Ä¶']",0.8,0.64,1,0,0,1
1375751903624130565,2021-03-27 10:09:48,dream streams on his alt whenever he sees us upset about something dont you dare try and tell me he doesnt care about us,dream streams alt whenever sees us upset something dont dare try tell doesnt care us,"['dream', 'streams', 'alt', 'whenever', 'sees', 'us', 'upset', 'something', 'dont', 'dare', 'try', 'tell', 'doesnt', 'care', 'us']",0.0,0.0,0,0,1,0
1375751756789948416,2021-03-27 10:09:13," 

‚ÄúRather than the song that‚Äôs sad it‚Äôs because wendy eonni that sang it that it caused the waves in my heart to rise‚Ä¶",‚Äú rather song ‚Äô sad ‚Äô wendy eonni sang caused waves heart rise‚Ä¶,"['‚Äú', 'rather', 'song', '‚Äô', 'sad', '‚Äô', 'wendy', 'eonni', 'sang', 'caused', 'waves', 'heart', 'rise‚Ä¶']",1.0,-0.5,0,1,0,-1
1375751741338120194,2021-03-27 10:09:10,94 Minseok  only my last stage is left It‚Äôs sad if I had more songs I could do this for a long time but only my last song‚Ä¶,94 minseok last stage left ‚Äô sad songs could long time last song‚Ä¶,"['94', 'minseok', 'last', 'stage', 'left', '‚Äô', 'sad', 'songs', 'could', 'long', 'time', 'last', 'song‚Ä¶']",0.3066666666666667,-0.11000000000000001,0,1,0,-1
1375751691010600961,2021-03-27 10:08:58,The thing is sometimes getting angry and reacting tends to backfire on you so i just had to find another relea‚Ä¶,thing sometimes getting angry reacting tends backfire find another relea‚Ä¶,"['thing', 'sometimes', 'getting', 'angry', 'reacting', 'tends', 'backfire', 'find', 'another', 'relea‚Ä¶']",1.0,-0.5,0,1,0,-1
1375751676452237316,2021-03-27 10:08:54,Lets leave the anger to those who have nothing to strive for,lets leave anger nothing strive,"['lets', 'leave', 'anger', 'nothing', 'strive']",0.2,-0.7,0,1,0,-1
1375751660388057092,2021-03-27 10:08:50,"Mastering emotions is selfawareness 

Not everything we encounter require our response",mastering emotions selfawareness everything encounter require response,"['mastering', 'emotions', 'selfawareness', 'everything', 'encounter', 'require', 'response']",0.0,0.0,0,0,1,0
1375751642700673024,2021-03-27 10:08:46,"stux  Realizing the negative consequences of anger is the easy part 

Facing your anger is the scary part Thats why‚Ä¶",stux realizing negative consequences anger easy part facing anger scary part thats why‚Ä¶,"['stux', 'realizing', 'negative', 'consequences', 'anger', 'easy', 'part', 'facing', 'anger', 'scary', 'part', 'thats', 'why‚Ä¶']",0.5266666666666667,-0.35333333333333333,0,1,0,-1
1375751633758343168,2021-03-27 10:08:44,"Anger is a reaction of an action

Reactions manipulate by the situation You cant control the situation but‚Ä¶",anger reaction action reactions manipulate situation cant control situation but‚Ä¶,"['anger', 'reaction', 'action', 'reactions', 'manipulate', 'situation', 'cant', 'control', 'situation', 'but‚Ä¶']",0.15000000000000002,-0.3,0,1,0,-1
1375751621687209984,2021-03-27 10:08:41,stux percent  Id try traumareleasing exercises cold showers meditation and stop watching mainstream media,stux percent id try traumareleasing exercises cold showers meditation stop watching mainstream media,"['stux', 'percent', 'id', 'try', 'traumareleasing', 'exercises', 'cold', 'showers', 'meditation', 'stop', 'watching', 'mainstream', 'media']",1.0,-0.6,0,1,0,-1
1375751608462532609,2021-03-27 10:08:38,Many of the calmest people were actually struggling with anger until they realized it was a waste of time and energy,many calmest people actually struggling anger realized waste time energy,"['many', 'calmest', 'people', 'actually', 'struggling', 'anger', 'realized', 'waste', 'time', 'energy']",0.2,-0.09999999999999999,0,1,0,-1
1375751589533650946,2021-03-27 10:08:33,Being good at studying and being able to create value for society are two different sets of skills,good studying able create value society two different sets skills,"['good', 'studying', 'able', 'create', 'value', 'society', 'two', 'different', 'sets', 'skills']",0.6083333333333334,0.39999999999999997,1,0,0,1
1375751537675276293,2021-03-27 10:08:21,Stay around people who fill you up with positive energy That‚Äôs the secret,stay around people fill positive energy ‚Äô secret,"['stay', 'around', 'people', 'fill', 'positive', 'energy', '‚Äô', 'secret']",0.6227272727272727,-0.08636363636363638,0,1,0,-1
1375751522416349184,2021-03-27 10:08:17,Longterm thinking is the best gift you can give yourself,longterm thinking best gift give,"['longterm', 'thinking', 'best', 'gift', 'give']",0.3,1.0,1,0,0,1
1375751511230140422,2021-03-27 10:08:15,"If you love spending time alone

you will love writing",love spending time alone love writing,"['love', 'spending', 'time', 'alone', 'love', 'writing']",0.6,0.5,1,0,0,1
1375751502275301394,2021-03-27 10:08:13,Being around people with good vibes is another source of energy and motivation,around people good vibes another source energy motivation,"['around', 'people', 'good', 'vibes', 'another', 'source', 'energy', 'motivation']",0.6000000000000001,0.7,1,0,0,1
1375751493131804672,2021-03-27 10:08:10,Nowadays you will be labeled controversial if you just think independently,nowadays labeled controversial think independently,"['nowadays', 'labeled', 'controversial', 'think', 'independently']",0.5375,0.275,1,0,0,1
1375751471791136776,2021-03-27 10:08:05,You grow fastest when you aren‚Äôt scared of making mistakes in public,grow fastest ‚Äô scared making mistakes public,"['grow', 'fastest', '‚Äô', 'scared', 'making', 'mistakes', 'public']",0.06666666666666667,0.0,0,0,1,0
1375751413259636736,2021-03-27 10:07:51,Staying calm when things aren‚Äôt working in your favor is how you turn the tide,staying calm things ‚Äô working favor turn tide,"['staying', 'calm', 'things', '‚Äô', 'working', 'favor', 'turn', 'tide']",0.75,0.30000000000000004,1,0,0,1
1375751378321219584,2021-03-27 10:07:43,What you decide to watch during lunch is as important as the food itself,decide watch lunch important food,"['decide', 'watch', 'lunch', 'important', 'food']",1.0,0.4,1,0,0,1
1375751362361794563,2021-03-27 10:07:39,"Youre a humid prepossessing homo sapien with a fullsized aortic pump Ô∏è

 Baby Kangaroo Tribbiani",youre humid prepossessing homo sapien fullsized aortic pump Ô∏è baby kangaroo tribbiani,"['youre', 'humid', 'prepossessing', 'homo', 'sapien', 'fullsized', 'aortic', 'pump', 'Ô∏è', 'baby', 'kangaroo', 'tribbiani']",0.0,0.0,0,0,1,0
1375751320125120515,2021-03-27 10:07:29,Yes we love Chloe but Chole is just as great ,yes love chloe chole great,"['yes', 'love', 'chloe', 'chole', 'great']",0.675,0.65,1,0,0,1
1375751308452368387,2021-03-27 10:07:26,"Suraj hua maddham
Dracula utne laga ",suraj hua maddham dracula utne laga,"['suraj', 'hua', 'maddham', 'dracula', 'utne', 'laga']",0.0,0.0,0,0,1,0
1375751275178958850,2021-03-27 10:07:18,Long weekend Quick someone press the pause button so it stays like this,long weekend quick someone press pause button stays like,"['long', 'weekend', 'quick', 'someone', 'press', 'pause', 'button', 'stays', 'like']",0.45,0.14166666666666666,1,0,0,1
1375751210796412928,2021-03-27 10:07:03,Saying ‚ÄúUtha le re baba‚Äù is technically a pickup line right,saying ‚Äú utha le baba ‚Äù technically pickup line right,"['saying', '‚Äú', 'utha', 'le', 'baba', '‚Äù', 'technically', 'pickup', 'line', 'right']",0.31785714285714284,0.14285714285714285,1,0,0,1
1375751196367941633,2021-03-27 10:07:00,"Things that Schools should teach üß†

‚Ä¢ Being wrong is not a bad thing
‚Ä¢ Its Okay to question what you have been taught‚Ä¶",things schools teach üß† ‚Ä¢ wrong bad thing ‚Ä¢ okay question taught‚Ä¶,"['things', 'schools', 'teach', 'üß†', '‚Ä¢', 'wrong', 'bad', 'thing', '‚Ä¢', 'okay', 'question', 'taught‚Ä¶']",0.6888888888888888,-0.23333333333333325,0,1,0,-1
1375751174188457985,2021-03-27 10:06:54,Honest humans are sexy AF ,honest humans sexy af,"['honest', 'humans', 'sexy', 'af']",0.95,0.55,1,0,0,1
1375751166080937990,2021-03-27 10:06:52,"sawant i know where I should bewant to be
Im just being patient its tough but its okay",sawant know bewant im patient tough okay,"['sawant', 'know', 'bewant', 'im', 'patient', 'tough', 'okay']",0.6666666666666667,0.05555555555555555,1,0,0,1
1375751149031067657,2021-03-27 10:06:48,It‚Äôs weird to be there for people who will not receive you well and push you away only because they‚Äôre hurting so bad‚Ä¶,‚Äô weird people receive well push away ‚Äô hurting bad‚Ä¶,"['‚Äô', 'weird', 'people', 'receive', 'well', 'push', 'away', '‚Äô', 'hurting', 'bad‚Ä¶']",1.0,-0.5,0,1,0,-1
1375751055502319617,2021-03-27 10:06:26,Duh25 The count down just amps up my anxiety WynonnaEarp BringWynonnaHome httpstcoGPMU6eMc47,duh25 count amps anxiety wynonnaearp bringwynonnahome httpstcogpmu6emc47,"['duh25', 'count', 'amps', 'anxiety', 'wynonnaearp', 'bringwynonnahome', 'httpstcogpmu6emc47']",0.0,0.0,0,0,1,0
1375750974430572551,2021-03-27 10:06:07,My wife my love there is only one reality in my life that is when I see ur marvellous magical magnificent glorious beautif‚Ä¶,wife love one reality life see ur marvellous magical magnificent glorious beautif‚Ä¶,"['wife', 'love', 'one', 'reality', 'life', 'see', 'ur', 'marvellous', 'magical', 'magnificent', 'glorious', 'beautif‚Ä¶']",0.8666666666666667,0.6666666666666666,1,0,0,1
1375750916188479493,2021-03-27 10:05:53,im having a good day how is your guys day going,im good day guys day going,"['im', 'good', 'day', 'guys', 'day', 'going']",0.6000000000000001,0.7,1,0,0,1
1375750906331885573,2021-03-27 10:05:50,my anxiety was right i fucking hate it here,anxiety right fucking hate,"['anxiety', 'right', 'fucking', 'hate']",0.7178571428571429,-0.2571428571428572,0,1,0,-1
1375750888799657984,2021-03-27 10:05:46,"hwaeun22 My Anxiety rn
Im so tired with this ü•¥ httpstcoBrJkdC7fvq",hwaeun22 anxiety rn im tired ü•¥ httpstcobrjkdc7fvq,"['hwaeun22', 'anxiety', 'rn', 'im', 'tired', 'ü•¥', 'httpstcobrjkdc7fvq']",0.7,-0.4,0,1,0,-1
1375750855610101764,2021-03-27 10:05:38,aamer  ANXIETY god gave me anxiety,aamer anxiety god gave anxiety,"['aamer', 'anxiety', 'god', 'gave', 'anxiety']",0.0,0.0,0,0,1,0
1375750724143828997,2021-03-27 10:05:07,"Things not to joke about
1 Someones facial appearance
2 Suicide
3 Scars
4Mental health
Theres always a limit to t‚Ä¶",things joke 1 someones facial appearance 2 suicide 3 scars 4mental health theres always limit t‚Ä¶,"['things', 'joke', '1', 'someones', 'facial', 'appearance', '2', 'suicide', '3', 'scars', '4mental', 'health', 'theres', 'always', 'limit', 't‚Ä¶']",0.0,0.0,0,0,1,0
1375750640035504129,2021-03-27 10:04:47,I cant get my head around the fact that so many people are devastated by people dying of Covid but dont seem to care‚Ä¶,cant get head around fact many people devastated people dying covid dont seem care‚Ä¶,"['cant', 'get', 'head', 'around', 'fact', 'many', 'people', 'devastated', 'people', 'dying', 'covid', 'dont', 'seem', 'care‚Ä¶']",0.5,0.5,1,0,0,1
1375750475602030599,2021-03-27 10:04:08,Over the weekend we set a new record with 6 million shots reported administered across the country We‚Äôve now got 81 m‚Ä¶,weekend set new record 6 million shots reported administered across country ‚Äô got 81 m‚Ä¶,"['weekend', 'set', 'new', 'record', '6', 'million', 'shots', 'reported', 'administered', 'across', 'country', '‚Äô', 'got', '81', 'm‚Ä¶']",0.45454545454545453,0.13636363636363635,1,0,0,1
1375750462834581518,2021-03-27 10:04:05,"We can ban assault weapons and highcapacity magazines
 
We can close loopholes in our gun background check system
 
This is n‚Ä¶",ban assault weapons highcapacity magazines close loopholes gun background check system n‚Ä¶,"['ban', 'assault', 'weapons', 'highcapacity', 'magazines', 'close', 'loopholes', 'gun', 'background', 'check', 'system', 'n‚Ä¶']",0.0,0.0,0,0,1,0
1375750437983297538,2021-03-27 10:03:59,To get through this pandemic we must lift up communities across this country The American Rescue Plan does just that it provides‚Ä¶,get pandemic must lift communities across country american rescue plan provides‚Ä¶,"['get', 'pandemic', 'must', 'lift', 'communities', 'across', 'country', 'american', 'rescue', 'plan', 'provides‚Ä¶']",0.0,0.0,0,0,1,0
1375750419033378821,2021-03-27 10:03:54,Today I‚Äôm setting a new goal 200 million shots in arms by my 100th day in office httpstco1zCPzq5gG0,today ‚Äô setting new goal 200 million shots arms 100th day office httpstco1zcpzq5gg0,"['today', '‚Äô', 'setting', 'new', 'goal', '200', 'million', 'shots', 'arms', '100th', 'day', 'office', 'httpstco1zcpzq5gg0']",0.45454545454545453,0.13636363636363635,1,0,0,1
1375750346262245381,2021-03-27 10:03:37,If this doesn‚Äôt get you i don‚Äôt know what will Ô∏è  httpstcoycHRlOpfaZ,‚Äô get ‚Äô know Ô∏è httpstcoychrlopfaz,"['‚Äô', 'get', '‚Äô', 'know', 'Ô∏è', 'httpstcoychrlopfaz']",0.0,0.0,0,0,1,0
1375750245099864064,2021-03-27 10:03:13,As we strive to recover and rebuild phasing out factory farming should be high on the agenda These cramped warehouses of‚Ä¶,strive recover rebuild phasing factory farming high agenda cramped warehouses of‚Ä¶,"['strive', 'recover', 'rebuild', 'phasing', 'factory', 'farming', 'high', 'agenda', 'cramped', 'warehouses', 'of‚Ä¶']",0.5399999999999999,0.16,1,0,0,1
1375750095723851780,2021-03-27 10:02:37,Yeah that‚Äôs me in the photo Thanks for your kind words httpstco4geGvAB0hR,yeah ‚Äô photo thanks kind words httpstco4gegvab0hr,"['yeah', '‚Äô', 'photo', 'thanks', 'kind', 'words', 'httpstco4gegvab0hr']",0.55,0.4,1,0,0,1
1375749978707009540,2021-03-27 10:02:09,Hello Brother,hello brother,"['hello', 'brother']",0.0,0.0,0,0,1,0
1375749959862022157,2021-03-27 10:02:05,Hellooooooo Twitter I‚Äôve missed you,hellooooooo twitter ‚Äô missed,"['hellooooooo', 'twitter', '‚Äô', 'missed']",0.0,0.0,0,0,1,0
1375749946951921665,2021-03-27 10:02:02,Yes We did it  and I on the cover of Cigar and Spirits Magazine httpstcoltOOT8MbeE,yes cover cigar spirits magazine httpstcoltoot8mbee,"['yes', 'cover', 'cigar', 'spirits', 'magazine', 'httpstcoltoot8mbee']",0.0,0.0,0,0,1,0
1375749925611339776,2021-03-27 10:01:57,A quick message from me                Xoü•É,quick message xoü•É,"['quick', 'message', 'xoü•É']",0.5,0.3333333333333333,1,0,0,1
1375749906447523849,2021-03-27 10:01:52,Good night beautiful world Let‚Äôs be kind to one another,good night beautiful world let ‚Äô kind one another,"['good', 'night', 'beautiful', 'world', 'let', '‚Äô', 'kind', 'one', 'another']",0.8333333333333334,0.7166666666666667,1,0,0,1
1375749860398231553,2021-03-27 10:01:41,watching the new episode rt if u miss choni ü•∫,watching new episode rt u miss choni ü•∫,"['watching', 'new', 'episode', 'rt', 'u', 'miss', 'choni', 'ü•∫']",0.45454545454545453,0.13636363636363635,1,0,0,1
1375749648049004544,2021-03-27 10:00:50,"I think the most important think we can all do is try to love ourselves 
Laying the foundation of self love means you do‚Ä¶",think important think try love laying foundation self love means do‚Ä¶,"['think', 'important', 'think', 'try', 'love', 'laying', 'foundation', 'self', 'love', 'means', 'do‚Ä¶']",0.7333333333333334,0.4666666666666666,1,0,0,1
1375749632853090306,2021-03-27 10:00:47,is priceless  I promise,priceless promise,"['priceless', 'promise']",1.0,1.0,1,0,0,1
1375749611436920838,2021-03-27 10:00:42,Cheryl always know how to set a mood Just chatting about death that comes after being in your 30‚Äôs  Riverdale,cheryl always know set mood chatting death comes 30 ‚Äô riverdale,"['cheryl', 'always', 'know', 'set', 'mood', 'chatting', 'death', 'comes', '30', '‚Äô', 'riverdale']",0.0,0.0,0,0,1,0
1375749602280833026,2021-03-27 10:00:40,You ever just love someone so much you build them a nursery  Riverdale,ever love someone much build nursery riverdale,"['ever', 'love', 'someone', 'much', 'build', 'nursery', 'riverdale']",0.4,0.35,1,0,0,1
1375749566490763266,2021-03-27 10:00:31,This is devastating To think this could‚Äôve been a member of my family Or a friend It is so terrifying to think we are‚Ä¶,devastating think could ‚Äô member family friend terrifying think are‚Ä¶,"['devastating', 'think', 'could', '‚Äô', 'member', 'family', 'friend', 'terrifying', 'think', 'are‚Ä¶']",1.0,-1.0,0,1,0,-1
1375749553438126086,2021-03-27 10:00:28,I love Casey so much he is so incredibly talented That‚Äôs all  Riverdale,love casey much incredibly talented ‚Äô riverdale,"['love', 'casey', 'much', 'incredibly', 'talented', '‚Äô', 'riverdale']",0.75,0.6,1,0,0,1
1375749490775191552,2021-03-27 10:00:13,I‚Äôve never had more anxiety than logging onto my animal crossing island and seeing my villagers after months of neglect,‚Äô never anxiety logging onto animal crossing island seeing villagers months neglect,"['‚Äô', 'never', 'anxiety', 'logging', 'onto', 'animal', 'crossing', 'island', 'seeing', 'villagers', 'months', 'neglect']",0.0,0.0,0,0,1,0
1375749474568478725,2021-03-27 10:00:09,"i be in the crib talking about ‚Äúim protecting me energy‚Äù when really i just have anxiety and don‚Äôt wanna deal with it 

but im‚Ä¶",crib talking ‚Äú im protecting energy ‚Äù really anxiety ‚Äô wan na deal im‚Ä¶,"['crib', 'talking', '‚Äú', 'im', 'protecting', 'energy', '‚Äù', 'really', 'anxiety', '‚Äô', 'wan', 'na', 'deal', 'im‚Ä¶']",0.17500000000000002,0.0,0,0,1,0
1375749444071645185,2021-03-27 10:00:02,"VC events look really fun but
1 I cant speak korean
2 I kinda have social anxiety
3 Its pentagon How tf people survive‚Ä¶",vc events look really fun 1 cant speak korean 2 kinda social anxiety 3 pentagon tf people survive‚Ä¶,"['vc', 'events', 'look', 'really', 'fun', '1', 'cant', 'speak', 'korean', '2', 'kinda', 'social', 'anxiety', '3', 'pentagon', 'tf', 'people', 'survive‚Ä¶']",0.13333333333333333,0.16666666666666666,1,0,0,1
1375749407270789123,2021-03-27 09:59:53,woke up with anxiety attack ,woke anxiety attack,"['woke', 'anxiety', 'attack']",0.0,0.0,0,0,1,0
1375749331773362180,2021-03-27 09:59:35,Manga The topic is having crippling depression but not wanting to talk about it httpstcovd1oNkWQw5,manga topic crippling depression wanting talk httpstcovd1onkwqw5,"['manga', 'topic', 'crippling', 'depression', 'wanting', 'talk', 'httpstcovd1onkwqw5']",0.0,0.0,0,0,1,0
1375749314689990658,2021-03-27 09:59:31,Got out of my depression slump and made myself human for once httpstcoDWKxa6QhxW,got depression slump made human httpstcodwkxa6qhxw,"['got', 'depression', 'slump', 'made', 'human', 'httpstcodwkxa6qhxw']",0.1,0.0,0,0,1,0
1375749264425422852,2021-03-27 09:59:19,"me depressed
friend just be happy
my depression httpstco7tHMxfcQ4n",depressed friend happy depression httpstco7thmxfcq4n,"['depressed', 'friend', 'happy', 'depression', 'httpstco7thmxfcq4n']",1.0,0.8,1,0,0,1
1375749243764232196,2021-03-27 09:59:14,BEinG Honesty is a cheat code to escape any psychological matrix Depression anxiety unhealthy relationships duality etc,honesty cheat code escape psychological matrix depression anxiety unhealthy relationships duality etc,"['honesty', 'cheat', 'code', 'escape', 'psychological', 'matrix', 'depression', 'anxiety', 'unhealthy', 'relationships', 'duality', 'etc']",0.39999999999999997,-0.2,0,1,0,-1
1375749234050224129,2021-03-27 09:59:12,Everybody going thru Depression keep fighting  We gotta go thru the bad parts to get to da good parts,everybody going thru depression keep fighting got ta go thru bad parts get da good parts,"['everybody', 'going', 'thru', 'depression', 'keep', 'fighting', 'got', 'ta', 'go', 'thru', 'bad', 'parts', 'get', 'da', 'good', 'parts']",0.6333333333333333,5.551115123125783e-17,1,0,0,1
1375749222717218818,2021-03-27 09:59:09,Sometimes I like to draw Depression Faces httpstco6itTXxQ4qH,sometimes like draw depression faces httpstco6ittxxq4qh,"['sometimes', 'like', 'draw', 'depression', 'faces', 'httpstco6ittxxq4qh']",0.0,0.0,0,0,1,0
1375749203238907907,2021-03-27 09:59:04,‚ÄòLongCOVID‚Äô after effects shit is horrible it caused so many neurological problems my memory sucks i stutter on words‚Ä¶,‚Äò longcovid ‚Äô effects shit horrible caused many neurological problems memory sucks stutter words‚Ä¶,"['‚Äò', 'longcovid', '‚Äô', 'effects', 'shit', 'horrible', 'caused', 'many', 'neurological', 'problems', 'memory', 'sucks', 'stutter', 'words‚Ä¶']",0.6499999999999999,-0.25,0,1,0,-1
1375749084389109763,2021-03-27 09:58:36,Communities across the country are struggling in the wake of COVID19 Here‚Äôs a breakdown of how the American Rescue Plan w‚Ä¶,communities across country struggling wake covid19 ‚Äô breakdown american rescue plan w‚Ä¶,"['communities', 'across', 'country', 'struggling', 'wake', 'covid19', '‚Äô', 'breakdown', 'american', 'rescue', 'plan', 'w‚Ä¶']",0.0,0.0,0,0,1,0
1375749069859999748,2021-03-27 09:58:33,Communities across the country are struggling because of COVID19 ‚Äî but help is here The American Rescue Plan provides funding‚Ä¶,communities across country struggling covid19 ‚Äî help american rescue plan provides funding‚Ä¶,"['communities', 'across', 'country', 'struggling', 'covid19', '‚Äî', 'help', 'american', 'rescue', 'plan', 'provides', 'funding‚Ä¶']",0.0,0.0,0,0,1,0
1375749059672039424,2021-03-27 09:58:30,The Republican efforts to block Americans from voting are sick pernicious and despicable httpstcobWTnxfYimt,republican efforts block americans voting sick pernicious despicable httpstcobwtnxfyimt,"['republican', 'efforts', 'block', 'americans', 'voting', 'sick', 'pernicious', 'despicable', 'httpstcobwtnxfyimt']",0.8571428571428571,-0.7142857142857143,0,1,0,-1
1375749032799178752,2021-03-27 09:58:24,I ran for president for three reasons to restore the soul of the nation rebuild the middle class and unite the country https‚Ä¶,ran president three reasons restore soul nation rebuild middle class unite country https‚Ä¶,"['ran', 'president', 'three', 'reasons', 'restore', 'soul', 'nation', 'rebuild', 'middle', 'class', 'unite', 'country', 'https‚Ä¶']",0.0,0.0,0,0,1,0
1375748835914342400,2021-03-27 09:57:37,Generosity doesn‚Äôt have to be a big production Learn how to spread kindness easily httpstco6JoQ4ewvIb,generosity ‚Äô big production learn spread kindness easily httpstco6joq4ewvib,"['generosity', '‚Äô', 'big', 'production', 'learn', 'spread', 'kindness', 'easily', 'httpstco6joq4ewvib']",0.4666666666666667,0.21666666666666667,1,0,0,1
1375748823440519168,2021-03-27 09:57:34,Life is brief even at its longest Whatever you are going to do with your life get at it Don‚Äôt just let the season‚Ä¶,life brief even longest whatever going life get ‚Äô let season‚Ä¶,"['life', 'brief', 'even', 'longest', 'whatever', 'going', 'life', 'get', '‚Äô', 'let', 'season‚Ä¶']",0.3333333333333333,0.0,0,0,1,0
1375748722076737539,2021-03-27 09:57:10,Smoking Has Increased During The Pandemic httpstcoQVzveCTs1v,smoking increased pandemic httpstcoqvzvects1v,"['smoking', 'increased', 'pandemic', 'httpstcoqvzvects1v']",0.0,0.0,0,0,1,0
1375748687876399107,2021-03-27 09:57:02,Social media reform appears stalled in Congress‚Äîeven as Zuckerberg and Dorsey prepare to testify about it httpstcoAucOzx33‚Ä¶,social media reform appears stalled congress‚Äîeven zuckerberg dorsey prepare testify httpstcoaucozx33‚Ä¶,"['social', 'media', 'reform', 'appears', 'stalled', 'congress‚Äîeven', 'zuckerberg', 'dorsey', 'prepare', 'testify', 'httpstcoaucozx33‚Ä¶']",0.06666666666666667,0.03333333333333333,1,0,0,1
1375748574684712961,2021-03-27 09:56:35,Successful people realize their journey is unique and can‚Äôt be compared So don‚Äôt get stuck in the comparison trap‚Äîsta‚Ä¶,successful people realize journey unique ‚Äô compared ‚Äô get stuck comparison trap‚Äîsta‚Ä¶,"['successful', 'people', 'realize', 'journey', 'unique', '‚Äô', 'compared', '‚Äô', 'get', 'stuck', 'comparison', 'trap‚Äîsta‚Ä¶']",0.975,0.5625,1,0,0,1
1375748549443379205,2021-03-27 09:56:29,No 4 Forget the strict parameters The best time to work out is the time that you‚Äôll consistently stick with Some p‚Ä¶,4 forget strict parameters best time work time ‚Äô consistently stick p‚Ä¶,"['4', 'forget', 'strict', 'parameters', 'best', 'time', 'work', 'time', '‚Äô', 'consistently', 'stick', 'p‚Ä¶']",0.275,0.625,1,0,0,1
1375748503746441221,2021-03-27 09:56:18,Effective communicators don‚Äôt beat around the bush If you want something ask for it If you want someone to do somet‚Ä¶,effective communicators ‚Äô beat around bush want something ask want someone somet‚Ä¶,"['effective', 'communicators', '‚Äô', 'beat', 'around', 'bush', 'want', 'something', 'ask', 'want', 'someone', 'somet‚Ä¶']",0.8,0.6,1,0,0,1
1375748390177267719,2021-03-27 09:55:51,A lot of people want to be successful but few will truly reach their goals To create your best future strive to be‚Ä¶,lot people want successful truly reach goals create best future strive be‚Ä¶,"['lot', 'people', 'want', 'successful', 'truly', 'reach', 'goals', 'create', 'best', 'future', 'strive', 'be‚Ä¶']",0.4583333333333333,0.5833333333333334,1,0,0,1
1375748377879539721,2021-03-27 09:55:48,Successful people realize their journey is unique and can‚Äôt be compared So don‚Äôt get stuck in the comparison trap‚Äîsta‚Ä¶,successful people realize journey unique ‚Äô compared ‚Äô get stuck comparison trap‚Äîsta‚Ä¶,"['successful', 'people', 'realize', 'journey', 'unique', '‚Äô', 'compared', '‚Äô', 'get', 'stuck', 'comparison', 'trap‚Äîsta‚Ä¶']",0.975,0.5625,1,0,0,1
1375747938274529284,2021-03-27 09:54:03,feed Six weeks lasts exactly 10 seconds,feed six weeks lasts exactly 10 seconds,"['feed', 'six', 'weeks', 'lasts', 'exactly', '10', 'seconds']",0.25,0.25,1,0,0,1
1375747894016233478,2021-03-27 09:53:52,feed Why did you choose to be an engineer,feed choose engineer,"['feed', 'choose', 'engineer']",0.0,0.0,0,0,1,0
1375747829491109893,2021-03-27 09:53:37, This Magic Moment ,magic moment,"['magic', 'moment']",1.0,0.5,1,0,0,1
1375747794003058699,2021-03-27 09:53:28,Why are you so dogematic they ask,dogematic ask,"['dogematic', 'ask']",0.0,0.0,0,0,1,0
1375747784511385601,2021-03-27 09:53:26,Doge day afternoon,doge day afternoon,"['doge', 'day', 'afternoon']",0.0,0.0,0,0,1,0
1375747726386720770,2021-03-27 09:53:12,I love music It makes my heart sing,love music makes heart sing,"['love', 'music', 'makes', 'heart', 'sing']",0.6,0.5,1,0,0,1
1375747716303626241,2021-03-27 09:53:10,Actually doesn‚Äôt feel quite right selling this Will pass,actually ‚Äô feel quite right selling pass,"['actually', '‚Äô', 'feel', 'quite', 'right', 'selling', 'pass']",0.31785714285714284,0.14285714285714285,1,0,0,1
1375747651489067012,2021-03-27 09:52:54,You can now buy a Tesla with Bitcoin,buy tesla bitcoin,"['buy', 'tesla', 'bitcoin']",0.0,0.0,0,0,1,0
1375747617485774852,2021-03-27 09:52:46,If there‚Äôs ever a scandal about me please call it Elongate,‚Äô ever scandal please call elongate,"['‚Äô', 'ever', 'scandal', 'please', 'call', 'elongate']",0.0,0.0,0,0,1,0
1375747555384909827,2021-03-27 09:52:32,Heres how you can embrace the word no  ‚Äî and sometimes even turn it into a yes  httpstcooKwUthIMkL,heres embrace word ‚Äî sometimes even turn yes httpstcookwuthimkl,"['heres', 'embrace', 'word', '‚Äî', 'sometimes', 'even', 'turn', 'yes', 'httpstcookwuthimkl']",0.0,0.0,0,0,1,0
1375747125871452160,2021-03-27 09:50:49,Modiji is the best world leader that india has ever had  Narendra Modi,modiji best world leader india ever narendra modi,"['modiji', 'best', 'world', 'leader', 'india', 'ever', 'narendra', 'modi']",0.3,1.0,1,0,0,1
1339938486363688961,2020-12-18 14:20:04,Men can guess your bra size accurately but cant take the hint when you say no,men guess bra size accurately cant take hint say,"['men', 'guess', 'bra', 'size', 'accurately', 'cant', 'take', 'hint', 'say']",0.6333333333333334,0.4000000000000001,1,0,0,1
1339938455317479424,2020-12-18 14:19:57,‚ÄúOur soul waits for the Lord he is our help and shield Yes our heart is glad in him‚Äù Ps 332021 The confident expectat‚Ä¶,‚Äú soul waits lord help shield yes heart glad ‚Äù ps 332021 confident expectat‚Ä¶,"['‚Äú', 'soul', 'waits', 'lord', 'help', 'shield', 'yes', 'heart', 'glad', '‚Äù', 'ps', '332021', 'confident', 'expectat‚Ä¶']",0.9166666666666667,0.5,1,0,0,1
1339938385998143489,2020-12-18 14:19:40,Millions of people are out of work Small businesses are closing People are struggling to pay their bills stay in their hom‚Ä¶,millions people work small businesses closing people struggling pay bills stay hom‚Ä¶,"['millions', 'people', 'work', 'small', 'businesses', 'closing', 'people', 'struggling', 'pay', 'bills', 'stay', 'hom‚Ä¶']",0.4,-0.25,0,1,0,-1
1339938370210840576,2020-12-18 14:19:36,The events of this year teach us the importance of caring for each other and creation Therefore I have chosen as the theme‚Ä¶,events year teach us importance caring creation therefore chosen theme‚Ä¶,"['events', 'year', 'teach', 'us', 'importance', 'caring', 'creation', 'therefore', 'chosen', 'theme‚Ä¶']",0.0,0.0,0,0,1,0
1339938353794273284,2020-12-18 14:19:33,Reading is my meditation,reading meditation,"['reading', 'meditation']",0.0,0.0,0,0,1,0
1339938326594215938,2020-12-18 14:19:26,"Often intelligence gets attracted to complexity of a problem without knowing the impact or value of solving that problem 

W‚Ä¶",often intelligence gets attracted complexity problem without knowing impact value solving problem w‚Ä¶,"['often', 'intelligence', 'gets', 'attracted', 'complexity', 'problem', 'without', 'knowing', 'impact', 'value', 'solving', 'problem', 'w‚Ä¶']",0.0,0.0,0,0,1,0
1291973473451913216,2020-08-08 05:44:14, Felt the same whenever I go to Mangalore being a table top airport After the crash happened in Mangalo‚Ä¶ httpstcoRn35Qe8sWo,felt whenever go mangalore table top airport crash happened mangalo‚Ä¶ httpstcorn35qe8swo,"['felt', 'whenever', 'go', 'mangalore', 'table', 'top', 'airport', 'crash', 'happened', 'mangalo‚Ä¶', 'httpstcorn35qe8swo']",0.5,0.5,1,0,0,1
1285557194201522176,2020-07-21 12:48:14,When love for parents and children is inspired and purified by love for the Lord it then becomes wholly fruitful and produce‚Ä¶,love parents children inspired purified love lord becomes wholly fruitful produce‚Ä¶,"['love', 'parents', 'children', 'inspired', 'purified', 'love', 'lord', 'becomes', 'wholly', 'fruitful', 'produce‚Ä¶']",0.6,0.5,1,0,0,1
1281925518292422657,2020-07-11 12:17:15,everyone assumes we celebrate only on three days christmas new year and easter now what to tell them about the 2528‚Ä¶,everyone assumes celebrate three days christmas new year easter tell 2528‚Ä¶,"['everyone', 'assumes', 'celebrate', 'three', 'days', 'christmas', 'new', 'year', 'easter', 'tell', '2528‚Ä¶']",0.45454545454545453,0.13636363636363635,1,0,0,1
1280843601430188032,2020-07-08 12:38:06,"It was number 5 Number 5 endangered all our lives
You simply cannot forget your mask

99ForMasks
WeWantItThatWay htt‚Ä¶",number 5 number 5 endangered lives simply forget mask 99formasks wewantitthatway htt‚Ä¶,"['number', '5', 'number', '5', 'endangered', 'lives', 'simply', 'forget', 'mask', '99formasks', 'wewantitthatway', 'htt‚Ä¶']",0.35714285714285715,0.0,0,0,1,0
1277590651719217152,2020-06-29 13:12:02,I don‚Äôt believe In luck I believe In God,‚Äô believe luck believe god,"['‚Äô', 'believe', 'luck', 'believe', 'god']",0.0,0.0,0,0,1,0
1260837384238710785,2020-05-14 07:40:32,"Since many of youll are on the path of learning and completing courses on various platforms in this lockdown
Wanna test you‚Ä¶",since many youll path learning completing courses various platforms lockdown wan na test you‚Ä¶,"['since', 'many', 'youll', 'path', 'learning', 'completing', 'courses', 'various', 'platforms', 'lockdown', 'wan', 'na', 'test', 'you‚Ä¶']",0.3833333333333333,0.09999999999999999,1,0,0,1
1255761917081120769,2020-04-30 07:32:26,Excited to be starting the JPMorganChase Virtual Experience Looking forward to trying out what its really like to‚Ä¶ httpstcowhsVIC7ebS,excited starting jpmorganchase virtual experience looking forward trying really like to‚Ä¶ httpstcowhsvic7ebs,"['excited', 'starting', 'jpmorganchase', 'virtual', 'experience', 'looking', 'forward', 'trying', 'really', 'like', 'to‚Ä¶', 'httpstcowhsvic7ebs']",0.35000000000000003,0.19166666666666665,1,0,0,1
1254315322573828102,2020-04-26 07:44:11,Some friends really on that family level,friends really family level,"['friends', 'really', 'family', 'level']",0.2,0.2,1,0,0,1
1242079061028958210,2020-03-23 13:21:39, can youll please revert asap,youll please revert asap,"['youll', 'please', 'revert', 'asap']",0.0,0.0,0,0,1,0
1241750287192174593,2020-03-22 15:35:13,Please revert asap ,please revert asap,"['please', 'revert', 'asap']",0.0,0.0,0,0,1,0
1241678310310117381,2020-03-22 10:49:13, now I got an email saying the flight booking has been cancelled Please revert asap and help me out with the bookingrefund,got email saying flight booking cancelled please revert asap help bookingrefund,"['got', 'email', 'saying', 'flight', 'booking', 'cancelled', 'please', 'revert', 'asap', 'help', 'bookingrefund']",0.0,0.0,0,0,1,0
1241677028543225856,2020-03-22 10:44:07, I had booked flight from IXEBOM I had some issue during payment Later payment was done and an SMS that‚Ä¶ httpstco4MH55gZ0ko,booked flight ixebom issue payment later payment done sms that‚Ä¶ httpstco4mh55gz0ko,"['booked', 'flight', 'ixebom', 'issue', 'payment', 'later', 'payment', 'done', 'sms', 'that‚Ä¶', 'httpstco4mh55gz0ko']",0.0,0.0,0,0,1,0
1237351254759575554,2020-03-10 12:15:02,Today the Lord calls all of us sinners to dialogue with Him Dont be afraid Though your sins be like scarlet they may b‚Ä¶,today lord calls us sinners dialogue dont afraid though sins like scarlet may b‚Ä¶,"['today', 'lord', 'calls', 'us', 'sinners', 'dialogue', 'dont', 'afraid', 'though', 'sins', 'like', 'scarlet', 'may', 'b‚Ä¶']",0.9,-0.6,0,1,0,-1
1237351220236279808,2020-03-10 12:14:54,"Its our pleasure to introduce you to our sponsor 
Matic provides scalable amp instant Ethereum transactions using‚Ä¶",pleasure introduce sponsor matic provides scalable amp instant ethereum transactions using‚Ä¶,"['pleasure', 'introduce', 'sponsor', 'matic', 'provides', 'scalable', 'amp', 'instant', 'ethereum', 'transactions', 'using‚Ä¶']",0.6666666666666666,0.0,0,0,1,0
1237297243972980738,2020-03-10 08:40:25,"We present to you our third edition
UnScript 2k20

Date 2122nd March 2020
Registration link in bio
Venue Fr CRCE M‚Ä¶",present third edition unscript 2k20 date 2122nd march 2020 registration link bio venue fr crce m‚Ä¶,"['present', 'third', 'edition', 'unscript', '2k20', 'date', '2122nd', 'march', '2020', 'registration', 'link', 'bio', 'venue', 'fr', 'crce', 'm‚Ä¶']",0.0,0.0,0,0,1,0
1237297222691090432,2020-03-10 08:40:20,"We are pleased to introduce you to our sponsor

They are at the forefront of the hacker movement helping organizer‚Ä¶",pleased introduce sponsor forefront hacker movement helping organizer‚Ä¶,"['pleased', 'introduce', 'sponsor', 'forefront', 'hacker', 'movement', 'helping', 'organizer‚Ä¶']",1.0,0.5,1,0,0,1
1161916717318098944,2019-08-15 08:25:07,Let us ask for the grace to remember each day that we are not forgotten by God and that we are His beloved children unique‚Ä¶,let us ask grace remember day forgotten god beloved children unique‚Ä¶,"['let', 'us', 'ask', 'grace', 'remember', 'day', 'forgotten', 'god', 'beloved', 'children', 'unique‚Ä¶']",1.0,0.7,1,0,0,1
1158926817861881859,2019-08-07 02:24:19,Dont stress everything will be better than ok,dont stress everything better ok,"['dont', 'stress', 'everything', 'better', 'ok']",0.5,0.5,1,0,0,1
1158926756193062912,2019-08-07 02:24:05,I can‚Äôt forget the manner in which Sushma Ji worked tirelessly as EAM in the last 5 years Even when her health was not g‚Ä¶,‚Äô forget manner sushma ji worked tirelessly eam last 5 years even health g‚Ä¶,"['‚Äô', 'forget', 'manner', 'sushma', 'ji', 'worked', 'tirelessly', 'eam', 'last', '5', 'years', 'even', 'health', 'g‚Ä¶']",0.06666666666666667,0.0,0,0,1,0
1112195018213781504,2019-03-31 03:28:50,Mehra Unscript 2k19 frcrce httpstco0WvwCwKsPt,mehra unscript 2k19 frcrce httpstco0wvwcwkspt,"['mehra', 'unscript', '2k19', 'frcrce', 'httpstco0wvwcwkspt']",0.0,0.0,0,0,1,0
1112195003495911424,2019-03-31 03:28:47,"View at its best Ô∏è
morningview bandraworlisealink unscript2k19 hackathon 24hrsevent unscript‚Ä¶ httpstcohlDmkUElVF",view best Ô∏è morningview bandraworlisealink unscript2k19 hackathon 24hrsevent unscript‚Ä¶ httpstcohldmkuelvf,"['view', 'best', 'Ô∏è', 'morningview', 'bandraworlisealink', 'unscript2k19', 'hackathon', '24hrsevent', 'unscript‚Ä¶', 'httpstcohldmkuelvf']",0.3,1.0,1,0,0,1
1105119621781352456,2019-03-11 14:53:44,"THE WAIT IS FINALLY OVER‚è≥ 
Heres an opportunity for all the coders to showcase their technical skills in our very own Fr‚Ä¶",wait finally over‚è≥ heres opportunity coders showcase technical skills fr‚Ä¶,"['wait', 'finally', 'over‚è≥', 'heres', 'opportunity', 'coders', 'showcase', 'technical', 'skills', 'fr‚Ä¶']",0.55,0.0,0,0,1,0
1103655139410350080,2019-03-07 13:54:24,"CodeLabs and Mozilla Campus Club of Fr CRCE Mumbai presenting to you
UNSCRIPT2K19 Hackathon‚è≥ More details COMING UP ‚Ä¶",codelabs mozilla campus club fr crce mumbai presenting unscript2k19 hackathon‚è≥ details coming ‚Ä¶,"['codelabs', 'mozilla', 'campus', 'club', 'fr', 'crce', 'mumbai', 'presenting', 'unscript2k19', 'hackathon‚è≥', 'details', 'coming', '‚Ä¶']",0.0,0.0,0,0,1,0
1103654909797433345,2019-03-07 13:53:30,"CodeLabs and Mozilla Campus Club of Fr CRCE presenting to you
UNSCRIPT 2K19 

Shout out tor all the coders across the sta‚Ä¶",codelabs mozilla campus club fr crce presenting unscript 2k19 shout tor coders across sta‚Ä¶,"['codelabs', 'mozilla', 'campus', 'club', 'fr', 'crce', 'presenting', 'unscript', '2k19', 'shout', 'tor', 'coders', 'across', 'sta‚Ä¶']",0.0,0.0,0,0,1,0
1103301472421208065,2019-03-06 14:29:04,"CodeLabs and Mozilla Campus Club of Fr CRCE Mumbai presenting to you
UNSCRIPT2K19 Hackathon‚è≥ More details CO‚Ä¶ httpstcoqDTtfFDgil",codelabs mozilla campus club fr crce mumbai presenting unscript2k19 hackathon‚è≥ details co‚Ä¶ httpstcoqdttffdgil,"['codelabs', 'mozilla', 'campus', 'club', 'fr', 'crce', 'mumbai', 'presenting', 'unscript2k19', 'hackathon‚è≥', 'details', 'co‚Ä¶', 'httpstcoqdttffdgil']",0.0,0.0,0,0,1,0
